{"Accels": [1.0101354184135505, 1.0154020068502256, 0.9990158470575109], "AccelBias": [0.11891003220842399, 0.015435087558377062, 0.15947843735537337], "GyroBias": [0.037605739990517924, 0.04148069850375782, -0.007820491872253527], "Mags": [1.0, 1.0, 1.0], "MagBias": [3.6120616980378366, 5.1939004369499635, -4.443678017846176], "Magtransform": [[0.9524898584193766, 0.04903876098736075, 0.010882998805513529], [0.049038760987360736, 0.8957118649126045, 0.012040062194014841], [0.010882998805513522, 0.012040062194014841, 1.1757030292461612]]}