{"Accels": [1.0, 1.0, 1.0], "AccelBias": [0.0, 0.0, 0.0], "GyroBias": [0.030789275169461273, 0.04330366008610333, -0.010419776758110653], "Mags": [1.0, 1.0, 1.0], "MagBias": [0.0, 0.0, 0.0]}